model,perturbation,tests,class_0,class_1,prediction_change_rate,robustness_failure_rate,recovery_rate,mean_probability_change,mean_absolute_probability_change,accuracy_degradation,f1_degradation,original_accuracy,original_precision,original_recall,original_f1,original_roc_auc,accuracy,precision,recall,f1,roc_auc
Logistic Regression,add_digits,200,76,124,0.625,0.62,0.005,-0.61625664598671,0.6162566459867272,0.615,0.9959839357429718,0.995,0.992,1.0,0.9959839357429718,0.9995755517826825,0.38,0.0,0.0,0.0,0.9775042444821732
Logistic Regression,add_https,46,46,0,0.7608695652173914,0.7608695652173914,0.0,0.7517012372058578,0.7517012372058578,0.7608695652173914,0.0,1.0,0.0,0.0,0.0,,0.2391304347826087,0.0,0.0,0.0,
Logistic Regression,add_special_characters,200,76,124,0.625,0.62,0.005,-0.6129761459105655,0.6129761459105655,0.615,0.9959839357429718,0.995,0.992,1.0,0.9959839357429718,0.9995755517826825,0.38,0.0,0.0,0.0,0.9997877758913413
Logistic Regression,add_suspicious_query,200,76,124,0.625,0.62,0.005,-0.6134517013297525,0.6134517013297525,0.615,0.9959839357429718,0.995,0.992,1.0,0.9959839357429718,0.9995755517826825,0.38,0.0,0.0,0.0,0.9995755517826825
Logistic Regression,add_suspicious_subdomain,200,76,124,0.625,0.62,0.005,-0.5909871069161702,0.5909871237485689,0.615,0.9959839357429718,0.995,0.992,1.0,0.9959839357429718,0.9995755517826825,0.38,0.0,0.0,0.0,0.9944821731748725
Logistic Regression,remove_https,154,30,124,0.8116883116883117,0.8051948051948052,0.006493506493506494,-0.8002935806665347,0.8002935806665347,0.7987012987012987,0.9959839357429718,0.9935064935064936,0.992,1.0,0.9959839357429718,0.9989247311827957,0.19480519480519481,0.0,0.0,0.0,0.9989247311827957
Random Forest,add_digits,200,76,124,0.625,0.62,0.005,-0.6191165878562082,0.6192165878562081,0.615,0.9959839357429718,0.995,0.992,1.0,0.9959839357429718,0.9992572156196944,0.38,0.0,0.0,0.0,0.5072156196943973
Random Forest,add_https,46,46,0,0.717391304347826,0.717391304347826,0.0,0.7156761406667438,0.7156761406667438,0.7173913043478262,0.0,1.0,0.0,0.0,0.0,,0.2826086956521739,0.0,0.0,0.0,
Random Forest,add_special_characters,200,76,124,0.625,0.62,0.005,-0.5316499211895416,0.5440499211895414,0.615,0.9959839357429718,0.995,0.992,1.0,0.9959839357429718,0.9992572156196944,0.38,0.0,0.0,0.0,0.988009337860781
Random Forest,add_suspicious_query,200,76,124,0.625,0.62,0.005,-0.3970138100784304,0.4092138100784304,0.615,0.9959839357429718,0.995,0.992,1.0,0.9959839357429718,0.9992572156196944,0.38,0.0,0.0,0.0,0.9990449915110357
Random Forest,add_suspicious_subdomain,200,76,124,0.46,0.455,0.005,-0.3453719407321333,0.3478719407321331,0.44999999999999996,0.5756017701378763,0.995,0.992,1.0,0.9959839357429718,0.9992572156196944,0.545,1.0,0.2661290322580645,0.42038216560509556,0.9929435483870969
Random Forest,remove_https,154,30,124,0.8116883116883117,0.8051948051948052,0.006493506493506494,-0.8036254387742964,0.8036254387742964,0.7987012987012987,0.9959839357429718,0.9935064935064936,0.992,1.0,0.9959839357429718,0.9981182795698925,0.19480519480519481,0.0,0.0,0.0,0.5076612903225807
